content,score,at,translated_review
Bagus dan kalau boleh di cepat kan donlod nya y terimakasih,5,2025-02-26 08:01:08,good get fast donlod
Aplikasi nya jelek banget g guna percuma download apk ini untuk login aj gak bisa mending g usah di download ini apk ngabisin kuota!!,1,2025-02-26 06:08:58,application really bad useless download apk log cant able download apk spend quota
"cihh berbayar pula tuğŸ™„ udah gabagus, JELEKKKKKK!!",1,2025-02-26 00:18:50,lihh paying island tu ğŸ™„ udu habagus jelekkkk
Sangat baik dan bagus,5,2025-02-25 23:07:36,good good
Dasar aplikasi ga berguna masa harus berlangganan dulu kalau mau nonton film nya buat kalian yang mau donglot lebih baik jangan pernah di donglot nih aplikasi,1,2025-02-25 09:40:54,basic application useful subscribe first want watch movie want donglot better dont ever donglot
Semoga benar dan kenyataan adanya,4,2025-02-25 06:14:43,hopefully true reality
"Ingin berhenti berlangganan tp tdk bs dibatalkan, sdh bbrp x hubungi CS tp tdk ada respon. Mohon secepatnya diproses utk pembatalan akun saya. Terimakasih",4,2025-02-25 05:25:04,want stop subscribing cant canceled already x contact c response please processed soon possible cancellation account thank
sulit buat login,3,2025-02-24 15:06:25,difficult login
Susah berhenti langganan Sudah berhenti masih ditagih sejumlah Rp. 799.000,1,2025-02-24 05:17:38,difficult stop subscribed stopped still billed amount rp
ğŸ‘ğŸ»,4,2025-02-24 03:38:57,
Bagus lah,5,2025-02-23 22:36:52,good good
ğŸ˜ŸğŸ˜ŸğŸ˜ŸğŸ˜Ÿ,1,2025-02-23 15:09:17,
"Aplikasi streaming jelek, udh bayar langganan per bulan ga guna, berapa kali buffer trs, udh kdg sub title sama vidio ga selaras, gada suaranya, unduhan gabisa ditonton. Minta restart lah, ganti ke data/wifi,cek jaringan lah, jelas jelas gw cek jaringan lancar lanacr aja malah kenceng,logika nya gini ya kalau emang gw download vidio biar apa? Ya biar bisa ditonton offline, kalau harus nyalain data lagi ngapain gw download, klo gabisa diperbaikin mending gratisin aja tuh aplikasi, buangÂ² duit aja",1,2025-02-23 13:05:14,poor streaming application already paying subscription per month many time buffer trs already subtites video harmony sound sound download cant watched ask restart replace datawifi check network obviously check network smoothly even lanacr instead logic like download video yes watch offline turn data download cant improve better free application waste money
gada gambar nya tpi ad suara ny udh di hps trs install lgi sma aj g ad gmbr ny knp y,1,2025-02-23 10:32:07,goa gamber ny tp soa ny wood hp stral lg
Cooler...,5,2025-02-23 09:11:22,cooler
"aplikasinya gimana si dodol, masa gua masuk kaga bisa daftar? padahal itu nomer udah bener, aplikasi rusak rusak",1,2025-02-23 05:32:50,application dodol enter kaga register whereas nomer bene damaged application
bagus tapi bayar,4,2025-02-22 12:44:16,good pay
Aplikasi gaje,1,2025-02-22 07:43:28,gaje application
Aplikasi terkutuk tidak bisa masuk sama sekali,1,2025-02-22 07:37:05,cursed application enter
Gk bisa masuk,1,2025-02-22 07:16:06,cant enter
"Kenapa ga bisa masuk, koneksi error padahal sy tidak memakai proxy/VPN lainya, mohon bantuannya dan solusinya.",2,2025-02-21 14:33:31,cant enter error connection even though dont use proxyvpn please help solution
sering gangguan,5,2025-02-21 13:12:55,often disturbance
"susah log in nya,apk buruk",1,2025-02-21 12:01:44,hard log bad apk
"Ini aplikasi kenapa ya. Buat melanjutkan nonton visual nya nggak ada , tapi voice dan durasinya berjalan dengan baik. Sebelumnya baik"" saja , baru 3 hari saya instal & nonton. Apakah bug atau sengaja di batasi dari developernya.?",5,2025-02-21 09:47:09,application continue watching visuals visual voice duration go well previously good day installed watched bug deliberately limited developer
Great apk!,5,2025-02-21 07:46:00,great apk
kenapa saya tidak bisa menonton di handphone????padahal saya sudah bayar mahal,1,2025-02-21 05:22:23,cant watch cellphone even though paid dearly
"Aplikasi SCAM , ga bisa Log In tapi tetap auto debit",1,2025-02-21 00:04:41,scam application cant log still auto debit
"""Terlalu banyak yang menggunakan akun anda saat ini"" ""Harap hentikan menonton di perangkat lain untuk melanjutkan video"" Padahal device lain sudah dimatikan. Dan bahkan sudah dikeluarkan dari aplikasi. Tapi masih aja muncul seperti diatas.",2,2025-02-20 17:27:50,many people use current account please stop watching device continue video even though device turned even removed application still appears
"Aplikasi gajelas, kaptilasi, mau nonton aja dipersulit udh kek pemerintah",1,2025-02-20 15:06:17,gajlelant application captilation want watch complicated government
Gd film terbaru ga update!,1,2025-02-20 13:01:50,gd movie terbaru update
"Untuk aplikasi di perangkat tv, sounds nya aneh terutama di voice percakapan, saat percakapan santai volume terlalu kecil membuat saya harus menaikan volume dan saat adegan menegangkan volumenya menjadi terlalu besar sehingga harus diturun kan kembali masalah sepele yang bikin gak nyaman nonton.",3,2025-02-20 12:56:26,application tv device sound strange especially conversation voice relaxed conversation volume small make raise volume tense scene big reduced trivial problem make uncomfortable watching
Tolong diperbaiki bug nya gak bisa masuk ke aplikasi sering force close,1,2025-02-20 08:50:58,please fix bug cant enter application often force close
Mantap semoga makin jaya,5,2025-02-20 03:42:08,great hopefully victorious
kurang lengkap film nya,1,2025-02-19 15:57:44,incomplete film
"Apk sering banget error, blank dan gk mau beroperasi",1,2025-02-19 04:27:48,apks often error blank dont want operate
Mn videonya,1,2025-02-18 23:02:25,mn video
Login aja susah ğŸ˜¡ğŸ¤¬,1,2025-02-18 22:51:13,login difficult ğŸ˜¡ğŸ¤¬
"Udah 2 hari g bisa nyambung gr2 pake wifi rumah. Pdhl biasanya lancar. Dengan note vpn dan proxy nyambung ,pdhl g sm sekali.Udah g usah lanjut lagi. G ada penanganan. Ternyata setelah cek komen juga sama.",1,2025-02-18 13:52:27,day connect gr using house wifi pdhl usually smooth vpn note proxy connected pdhl g treatment turn checking comment
Hapus jangan di download aplikasinya ribet,1,2025-02-18 12:37:27,delete dont download application complicated
Sangat baik,5,2025-02-18 10:41:56,good
mau nonton tapi film tapinga bisa video tidak bergerak sama sekali,1,2025-02-18 06:56:58,want watch film tapinga move
Banyak bug. langanannya mahal lagi,1,2025-02-18 05:05:09,lot bug trailes expensive
Bagust moerah,1,2025-02-18 04:05:42,bagus moerah
suara doang gx ada gambar,1,2025-02-18 02:01:40,sound gx picture
Buruk aplikasinya susah bgt mau login padahal udah berlangganan,1,2025-02-17 12:55:33,application bad hard log even though subscribed
"Wow, jeryen sekali aplikasi ini, kualitas nya sangat bagus, dan pemutaran video sangat lancar ğŸ¦…",1,2025-02-17 12:35:11,wow application good quality good video playback smooth ğŸ¦…
Mantap,5,2025-02-17 10:25:25,stable
Karena bisa menonton apa saja jadi karena ada ngeback nya jadi nya kasih bintang 4 dulu tapi bagus kok,4,2025-02-17 09:52:21,watch anything backing love star first good
Oy dana gua ke kuras plis lah kalau pembayaran tolong konfirmasi ke emaillllll kan ada emailll kalau telatya udah jangan asal,1,2025-02-17 07:36:50,oy fund go plis payment please confirm emailllll email dont
gak bisa di bukaa,1,2025-02-16 13:39:23,cant opened
"Yang berlangganan kok pada ngeluh ya, aku kaum mendang - mending cari yang gratisan aja, banyak film yang saya cari dari short video di Facebook saya temukan disini. Searching ketemu langsung download filmnya nonton pas lagi fatique saat mancal HD di tambang atau saat hujan. Sebelumnya berlangganan di netfl*x cuma banyak pencarian film g ketemu,iseng"" cari aplikasi yang lainnya ketemu lah aplikasi ini, auto stop berlangganan netflix uninstall dan setia pakai aplikasi ini. Makasih BSTATION.",5,2025-02-16 09:12:07,one subscribed complaining mirror looking free one many film looking short video facebook found searching meet directly download movie watching fatique mancal hd mine rain previously subscribed netflx lot finding movie fun looking application meet application auto stop subscribed netflix uninstall faithfully use application thanks bstation
"Saya sangat menyukai aplikasi ini!, namun. Ada beberapa bug di aplikasi ini seperti saat saya gagal mendownload film yang saya inginkan, dan saya memencet ""Coba Unduh Lagi"" tetapi tidak terunduh melainkan tidak terjadi apa-apa, saya disini melapor kan bug dan saya mengrating aplikasi ini. Terimakasih!",4,2025-02-16 09:07:01,really like application however several bug application like failed download movie wanted pressed try download downloaded nothing happened report bug describe application thank
baik,5,2025-02-16 08:58:48,good
Apk gj download lama pas nonton eh gak ada gambar huuu ğŸ˜¤ğŸ˜¤ğŸ˜¤ğŸ˜¤,1,2025-02-16 07:25:33,apk gj download old watching eh picture huuu ğŸ˜¤ğŸ˜¤ğŸ˜¤ğŸ˜¤
"Sori kasih bintang 1. Jelek tidak seperti netflix. Ini sudah pilih yang premium 10 device, malah cuma bisa 2 device...huft...",1,2025-02-16 03:07:21,sorry star love like netflix chosen premium device even device huft
Sangat susah sekali dan bahkan tidak bisa login nya,2,2025-02-16 02:41:33,difficult cant even log
Hahaha. Memalukan,1,2025-02-16 01:16:08,hahaha humiliate
Otp code salah terus,1,2025-02-15 17:11:56,otp code continues
Miris rate nya juga,1,2025-02-15 15:06:46,sad rate
Masa baru download langsung di suruhh bayar,1,2025-02-15 13:01:28,new period download directly order pay
"Udah berlangganan, belum sampai sebulan udah ga bisa nonton lagi, layar nya gelap padahal wifi lancar"" Aja",1,2025-02-15 08:19:22,already subscribed yet month already cant watch anymore screen dark even though wifi smooth
jir jelek banget ratingnya,1,2025-02-15 04:19:55,rating really bad
"APLIKASI NYA BURUK sering gagal putar, mirror ke tv juga sering gak bisa.. film2 nya kurang menarik.. terlalu banyak BUG,, subtitle indo nya juga bnyk yg gak ada.. menyesal bgt berlangganan krna review2 busuk di youtube,, cuma dipake 2-3x aja.. mending nambah dikit langganan netflix sdh jelas2 berkualitas, drpd langganan ini gak bisa dipake.. APES",1,2025-02-15 04:14:08,application bad often fails turn mirror tv also often cant movie interesting many bug indo subtitle also many dont exist regret subscribed rotten review youtube used x
"Sering ga konek, udah bayar mahal dan langganan susah buat nontonnya. Tolong PECAT DIVISI NETWORK NYA. Payah.",1,2025-02-14 22:36:41,often connect already paid dearly subscription difficult watch please fire network division bad
"Tolong ditambah lagi filmnya, terutama banyak drama korea yang bagus",4,2025-02-14 18:50:32,please add film especially lot good korean drama
"Emang benar ada beberapa bug,tapi dilihat dari sisi baik,entah kenapa apk ini memulihkan akun ku dulu yang telah lama hilang,jadii Terima kasih atas bantuan nya",5,2025-02-14 14:13:49,true bug seen good side reason apk recovered account long lost thank help
Baru saja berlangganan sudah error tidak bisa di tonton,1,2025-02-13 13:48:05,subscribing error cant watched
"Woy uang gw ngapa diambil,pdhl gk berlangganan lgi malah kepotong lgi duitnya",1,2025-02-13 06:24:02,woy money taken pdhl doesnt subscribe even money cut
Gak bisa login,1,2025-02-13 04:13:26,cant log
Ada film yg gratis buat menonton?,5,2025-02-12 19:16:03,free movie watching
Aplikasi sampah,1,2025-02-12 15:09:10,garbage application
Kaya pler,1,2025-02-12 12:53:41,pler
untuk developer tolong segera di perbaiki semua fiturnya. lihat ranting aplikasi ini sangat jelek sekali! kualitas aplikasi sangat buruk.,1,2025-02-12 12:05:55,developer please fix feature immediately see application branch ugly application quality bad
Pelayanan Disney mantap cuy,5,2025-02-12 08:40:12,disney service great cuy
Terpotong otomatis biaya nya melalui dana tapi sampai skrg sudah 2 hari blm bisa di tonton disitu di katakan lakukan pembayaran dulu.,3,2025-02-12 08:00:05,automatically cut cost fund day yet cant watched said make payment first
Aplikasinya jelek di persulit mulu kode verif nya gajelas udh di masukin bner malah salah berulang ulang,1,2025-02-12 07:49:39,application bad making difficult verification code eleven bner
Kurang bagus masalh nya semua trailer doang,1,2025-02-12 06:41:57,good enough trailer
"video hanya muncul suara, sudah mencoba dikasih apk via google drive ternyata hanya beberapa waktu saja dan permasalahan muncul kembali...",1,2025-02-12 02:13:17,video appears sound already trying given apk via google drive turn time problem reappears
Halo kenapa aku ga dapet kode?,1,2025-02-12 01:14:42,hello dont get code
"Bintang tidak berbohong, dari pada buang2 duit buat langganan ini aplikasi. mending cari aplikasi streaming lain yg lebih jelas dan pasti.",1,2025-02-11 18:05:27,star lie rather throwing money application better find streaming application clearer certain
"Gak bisa hapus akun, aplikasi busuk",1,2025-02-11 08:35:06,cant delete account rotten application
Jelekkk,1,2025-02-11 07:36:04,signal
"tidak bisa di buka,alasan kedahalan jaringan",1,2025-02-11 04:47:02,opened reason networking
Nga bisa login,1,2025-02-11 02:07:01,log
Ganti nama aplikasinya jadi Disney hot radio suara doang GK ada gambar blog..,1,2025-02-10 17:54:15,change name application disney hot radio suara blog picture
Saya berlangganan disney 1 bulan. Langganan saya berakhir tanggal 12 februari. Ini masih tanggal 10 februari dan masa langganan belum berakhir. Tapi saldo saya sudah terpotong dan tidak ada pengembalian dana. Tolong tanggapi!,1,2025-02-10 15:57:07,subscribe disney month subscription end february still february subscription period balance cut refund please respond
aku sukağŸ˜„ğŸ˜†,5,2025-02-10 15:45:44,like ğŸ˜„ğŸ˜†
"Kirain filmnya bagus-bagus ternyata jelak kebanyakan kartun, fantasi dan drama tidak jelas.",1,2025-02-10 15:45:24,think film good turn cartoon fantasy drama unclear
"Nonton film selalu bufering,email cs tetap nggak ada solusi",1,2025-02-10 14:41:36,watching movie always buffer c email still solution
Hapus aja aplikasih ini dari play store,1,2025-02-10 13:42:20,delete application play store
"Video susah di putar error Mulu, suara gak ada mending Netflix dah",1,2025-02-10 04:43:41,video difficult play error first sound doesnt netflix
I Like Disney+ Hotstar!,5,2025-02-09 15:53:25,like disney hotstar
"Gabisa login padahal jaringan bagus,wifi ga bisa,paket data pun gabisa",1,2025-02-09 13:07:57,cant log even though network good wifi cant data package cant
"Aplikasi ngga jelas br mau daftar aja udah ngga bisa, klu ngga siap pakai ngga usah launching aplikasi sampah kaya gini",1,2025-02-09 12:38:14,application clear want register cant dont get ready use dont need launch rich garbage application
Kenapa Spider verse sedikit?,5,2025-02-09 07:06:58,spider verse little
Payaahhh kode otp udah dimasukin tapi salah mulu. Yang ngirim kode otp kan lu sendiri. Masa kode otp lu yang ngirim lu juga yang salahin. Aneh,1,2025-02-08 15:26:25,payaahhh otp code inserted wrong time sent otp code send otp code blame weird
"Kenapa pemutaran videonya menjadi lemot sekalii, padahal internet syaa lancar saja di platform lain",3,2025-02-08 13:31:40,video screening slow even though internet smooth another platform
Jelek banget deh ap nya.....masak aku. Cuman tertaut 1 pas nonton ad pemberitahuan full screen...maksudnya apa coba ????,1,2025-02-08 11:19:33,really ugly cook linked watching ad notification full screen mean try
Mau nonton film ga bisa2. Tulisannya masalah jaringan. Sudah pakai wifi dan data tetep ga bisa.,1,2025-02-08 05:03:50,want watch movie cant writing network problem already using wifi data still cant
KODE VERIFIKASI NYA GABISA ANEHHHHHHHHH GAJELAS NOIY GILA STRESSSSS,1,2025-02-07 14:31:27,verification code cant weirdhhhhhhhhhhhhhhhhhhhhhhhhhhhhhhhhhhhhhhh
"Ya Tuhan Tolong Kembalikan Uang Saya. Tiba Tiba Ketarik Otomatis Di Akun Dana Saya Senilai 65.000,itu sepertinya kepencet fitur langananya,saya mohon kembalikan uang saya,saya sangat membutuhkan uang saya",3,2025-02-07 14:18:19,god please return money suddenly automatically attracted fund account worth seemed like distracted main feature beg back money really need money
Suaranya kecil banget beda sama Netflix dan lain2.,2,2025-02-07 10:56:19,sound small netflix others
Sukanya ngulang ngulang kode Gak masuk juga,1,2025-02-07 10:22:51,like repeat code
Maaaf kasih bintang dua soalnya pas mau login tiba tiba gak bisa login,3,2025-02-07 09:30:53,im sorry two star want log suddenly cant log
ini apk sampah. gambar muter2 mulu. gjs,1,2025-02-06 15:28:26,garbage apk image muter mulu gjs
"film banyak yg dihilangkan, bahkan upin ipin, pdhl aku langganan 1 tahun pas tahun 2023 200rb an, skrng 400-700 rb an. mau stop langganan tp aku pecinta princess disneyğŸ˜”",2,2025-02-06 15:26:03,many film eliminated even upin ipin pdhl subscribed year thousand thousand want stop subscribing im lover disney princessğŸ˜”
Baik,1,2025-02-06 14:06:11,good
Tidak ada gambar nya.cuma suara...kembalikan uang saya,1,2025-02-06 08:28:17,picture
Tolong perbanyak dubing seperti aplikasi sebelah dan perbanyak/perlengkap fitur seperti aplikasi sebelah,4,2025-02-05 16:25:12,please increase dubing like next application multiplysupplement feature next application
"subtitle kecil, sering ngelag",1,2025-02-05 12:25:15,small subtitle often slag
Harus bayar klo mau nnton,2,2025-02-05 11:41:23,pay want nnton
Untuk login harus logout dulu salah satu akun jadi nya repot,2,2025-02-05 10:37:09,log log first one account hassle
Ini knpa udh download malah ga bisa daftar gabisa di pencet pas mau masukin kode negara nya haduhh,1,2025-02-05 06:56:20,havent even able download cant list push want enter country code
"Min mau nanya, ini masalah yang sering di alami(cuma ada suara, tidak ada gambar) sudah di perbaiki belum ya? Saya ingin berlangganan lagi tapi takut ga bisa di pakai karena masalah tersebut. tolong min bisa bantu jawab",3,2025-02-05 01:52:57,min want ask problem often experienced sound picture fixed yet want subscribe afraid cant used problem please please help answer
"video selalu buffering , sudah pakai wifi atau data sama saja ratting bintang 1 sebanyak itu ga ada perbaikan aplikasi",1,2025-02-04 17:42:52,video always buffering already using wifi data
Tidak bisa login.,1,2025-02-04 14:11:01,cant log
"Yakali gua ngatur subtitle di ytub biar kecil,mlh di disney ikut kecil ,tolong segera diperbaiki",1,2025-02-04 13:22:46,yakali set subtitle ytub small mlh disney joined small please fix immediately
Bagus sihhh tapi filim nya kurang banyak,3,2025-02-04 11:01:23,good anyway film much
"Ini kenapa ya?? Kok gada gambarnya pas nonton, cuma ada suaranya ğŸ˜”ğŸ˜”",1,2025-02-04 09:45:52,come picture watching there voice ğŸ˜”ğŸ˜”
Langganannya mihil boss,4,2025-02-03 19:20:02,subscription mihil bos
Rugiiii,1,2025-02-03 16:41:10,rugiiii
Kacau Disney hotstar sekarang ada suara tidak ada gambar untung tidak saya upgrade untuk semua cari aplikasi yang lain saja,1,2025-02-03 11:46:40,chaotic disney hotstar noise image profit dont upgrade looking application
Kenapa saat masuk otp tidak bisa masuk ke apk saat di klik,1,2025-02-03 11:37:25,entering otp cant enter apk clicked
Kualitas download film sudah pilih full hd ketika di play rendering gambar turun seperti streaming ketika koneksi internet jelek.,3,2025-02-02 18:17:31,quality download movie chosen full hd play rendering image streaming internet connection bad
Kalau pake data seluler lancar tapi kalau pakai wifi gak bisa,1,2025-02-02 14:34:01,use cellular data smoothly use wifi cant
"Aplikasi busuk, suara ada gambarnya gak ada. Udh berasa lagi denger radio aja",1,2025-02-02 14:27:26,rotten application picture feel like hearing radio
Najis,1,2025-02-02 13:35:20,impurity
"Saran kepada Applikasi Disney Hotstar, baru baru ini, aplikasi sering tidak tampilkan gambar film, hanya ada suara, meski Telah update app...",3,2025-02-02 10:16:22,suggestion disney hotstar application recently application often show movie image sound even though updated app
"Kenapa saya tidak bisa menonton film yg ingin saya tonton padahal saya sudah upgrade ke premium,,selalu loading tolong diperbaiki masa udh beli mahalÂ² g bs dibuka[tidak bisa dibuka pada pukul (16.15)(2 febuari 2025)]",1,2025-02-02 09:30:45,cant watch movie want watch even though upgraded premium always loading please repair period expensive g b opened opened february
"Udah mah sekarang film disney dah busuk isi harga platform filmnya mahal, siapa yg mau beli terus menerus",1,2025-02-01 14:21:01,already disney movie rotted content price film platform expensive want buy continuously
Blackscreen for 2 days. Lol i can't even screenshoot because it's when I'm watching something,1,2025-02-01 09:37:36,blackscreen day lol cant even screenshoot im watching something
"Video tdk muncul gambar, hanya ada suara. Sdh uninstall - install lagi tetap tdk bisa. Settingan video sdh mode paling rendah, tetap tdk bisa. Sdh email ke disney hotstar, sdh lakukan langkah2 di email tetap tdk bisa, mana ribet banget step2 nya",1,2025-02-01 09:10:49,video appear image sound uninstall install still cant lowest mode video setting still cant already email disney hotstar already step email still cant really complicated step
"Ini disney aneh banget sumpah tolil, cuma mau masuk doang tinggal masukin kode otp tapi salah terus. Kode otp nya aja sms langsung dari disney tapi disalahin terus. Gimana ceritanyaaaa, ah!",1,2025-02-01 08:39:23,disney strange swear tolil want enter entering otp code continues wrong otp code text directly disney keep story ah
"Selalu saja gangguan koneksi, tidak ada solusi, email tidak ada solusi",1,2025-02-01 06:33:53,always connection disturbance solution e mail solution
"Nyesel berlanganan, aplikasinya ga memadai, tolong di benerin lagi dong",1,2025-02-01 03:00:43,regretted application inadequate please correct
"susah login, dicoba berulang kali tidak bisa",1,2025-02-01 01:59:19,difficult log try repeatedly
"Aplikasi apa ini.. Setiap nonton film baru.. selalu macet2, kualitas gambar nya di turunkan pun masih bgitu.. Nyesel berlangganan..",1,2025-02-01 01:23:46,application every time watching new movie always jammed quality image still lowering still regret subscribing
Mau login aja ga bisa..masukin no hp terkendalağŸ¤¦â€â™‚,1,2025-02-01 00:55:46,want log cant enter cellphone number constrainedğŸ¤¦â€â™‚
Aplikasi taekk.. Padahal sinyal lancar tapi loading minta ampun pas streaming. Emang aplikasi streaming paling taekk.. Nyesel langganan,1,2025-01-31 13:24:37,taekk application even though signal smooth loading asking forgiveness streaming indeed taekk streaming application regret subscription
Mantul,5,2025-01-31 11:59:01,mantul
Terima kasih,5,2025-01-31 10:05:53,thank
Mau login eror terus,1,2025-01-31 05:33:11,want login error
Udh download sama uninstall berkaliÂ² tapi tetap aja gak bisa masuk tulisannya terjadi kesalahan. kemarin bisa tuh masuk ehh pas mau langganan di apknya gak bisa tulisannya terjadi kesalahan,1,2025-01-31 04:24:37,udh download uninstall many time still cant enter writing error yesterday could go ehh wanted subscribe apk couldnt write mistake
Disney suck,1,2025-01-31 03:26:44,disney suck
"Kenapa yah cuma bisa satu device saja yang bisa di tonton, padahal saya berlangganan untuk 3 device??? Tolong yang amanah dong, jangan menipu",2,2025-01-30 15:29:49,one device watched even though subscribe device please trust dont cheat
"Gua nyesel bgt udah bayar bulanan malah gak bisa di tonton, ini kenapa sih disney suara nya doang yg muncul tapi gambar nya gak muncul ğŸ˜­ğŸ˜®â€ğŸ’¨",1,2025-01-30 13:53:33,regret already paid monthly cant watched disney sound appears picture doesnt appear ğŸ˜­ğŸ˜®â€ğŸ’¨
Overall bagus cuma saya ada sedikit masalah sama ui nya yg suka ngebut ya cuma itu aja sih,4,2025-01-30 09:09:06,overall good little problem ui like speed thats
"Langganan sudah dibatalkan tapi dana tetap di debet. Langganan saya berakhir 31 Januari, dan sudah melakukan pembatalan perpanjangan. Tapi dana saya sudah di debet dari gopay tanggal 30 Januari. Bagaimana caranya untuk mengajukan pengembalian dana?",2,2025-01-30 03:54:25,subscription canceled fund remain debit subscription ended january made extension cancellation fund debit gopay january submit refund
PANTAS RATING JELEK NONTON AJA GA BISA HARUS BAYAR MAHAL LAGI JANGAN DOWNLOAD,1,2025-01-29 07:35:48,worth bad rating watching cant pay dearly dont download
keep it up i love this app ğŸ¤©,1,2025-01-29 05:42:49,keep love app ğŸ¤©
"Tolong lah dibantu, padahal saya tidak pernah menggunakan vpn atau proxy tapi tiba-tiba pas mau nonton muncul notif kesalahan koneksi katanya terhubung ke vpn atau proxy. Rugi saya bayar mahal nggak bisa nonton sama sekali. Eh giliran buat pengaduan katanya harus nonton pake kuota internet jangan pake wifi rumah, ya boros banget dong",1,2025-01-29 01:30:03,please help even though never used vpn proxy suddenly want watch connection notification connection said connected vpn proxy loss paid lot watch eh turn complaint said watch using internet quota dont use home wifi really wasteful
"ini kenapa saya gak bisa daftar yah, padahal udah di kirim kodeny tapi tetep salah, padahal kodenya benar?",1,2025-01-28 14:09:06,cant register even though codeny sent still wrong even though code correct
"Beresin segera dah nih apps, sumpah, masak ga masih tetap ga ada gambarnya cuman ada suaranya aja ğŸ˜¡ğŸ˜¡ Satu lagi, ga usah minta user kirim2 keluhan via email. Langsung perbaiki apps nya. Ga usah ngeribetin user ğŸ˜¡ğŸ˜¡",1,2025-01-28 10:20:55,clean immediately apps swear cook still doesnt picture voice ğŸ˜¡ğŸ˜¡ one need ask user send complaint via email immediately fix apps need rush user ğŸ˜¡ğŸ˜¡
"ini aplikasi apaan sih, sumpah rugi banget baru juga mau nonton sering banget ada suaranya gaada gambarnya abis itu buffering mulu padahal koneksi nya bagus, rugii boncosss sumpah!!!",1,2025-01-28 00:37:09,application swear really lose also want watch often voice picture buffering even though connection good loss boncosss oath
Sangat bagus,5,2025-01-27 22:19:11,good
Mantap ğŸ’ªğŸ’ªğŸ’ª,5,2025-01-27 16:00:29,strong ğŸ’ªğŸ’ªğŸ’ª
"Udah langganan premium tapi ternyata pas di puter filmnya gambar ga keluar hanya ada suaranya saja, udh di unistall dicoba berkali-kali tetep aja engga bisa, ayolah diperbaiki",1,2025-01-27 15:26:47,already premium subscription turn right film daughter picture doesnt come sound already unistall try many time cant come let fix
Berkali kali coba mau langganan ngga bisa bisa. Tulisannya sudah berlangganan tapi semua video ga bisa d akses. Mau bayar pun ngga bisa. Kenapa sulit sekali sistemnya.,1,2025-01-27 14:39:35,many time try subscribe writing subscribed video cant accessing want pay cant system difficult
Masih belum punya duit untuk membayar film film nya,2,2025-01-27 12:42:31,still dont money pay film
Kok di smart TV disney hotstar ngealAG terus ya? Suka berhenti dan eror.. Dah bayar sebulan juga ..di email juga eror..hadew.mana dah terlanjur bayar jugaaa,1,2025-01-27 12:42:03,kok smart tv disney hotstar ntealag right like stop eror pay month email erorhadew
"Ini aplikasi yang bagus,orang orang yang bilang ini tidak bagus itu karena hp kepenuhan memo dan sinyal nya aja terus kalo sinyal jelek ya download aja kan ada fitur download film biar nonton nya bisa offline GK ush langsung kritik deh kalo GK cek dulu",5,2025-01-27 10:43:39,good application people say good cellphone full memo signal keep signal bad download movie download feature watch offline ush directly dont check first
Aplikasi jelek,1,2025-01-27 07:40:19,bad application
"Apk gak jelas udah berlangganan basic Pas mau nonton tetap aja gak bisa, mau nonton film tiba tiba nge freeze terus kembali ke layar kunci, udah gitu berkali kali juga hapus apk nya, hapus cache nya.",1,2025-01-27 05:58:26,apk clear already subscribed basic want watch still cant want watch movie suddenly freeze return lock screen like many time also delete apk delete cache
"pembayaran sudah dilakukan via gopay tapi tidak bisa login, yang tampil error 92, bagaimana ini?",1,2025-01-27 05:20:12,payment made via gopay log appeared error
Harganya mahal kualitas nihil nyesel udh langganan setahun lagiğŸ˜­,1,2025-01-27 04:08:25,price expensive quality nipple already subscribed year
Bagus sekali,5,2025-01-27 03:03:07,good
"OI.. BIKIN APPS DI MAINTAIN LAAA..!! gak bisa masuk, klik ""bantuan"" Halaman tidak tersedia ğŸ¤¦â€â™‚ï¸ niat mau tahunan RAGUUU",1,2025-01-27 01:17:01,oi make apps maintain laaa cant enter click help page available ğŸ¤¦â€â™‚ï¸ intention annual doubtful
Apk gak guna di buat,1,2025-01-26 17:12:13,apk used
banyak bug,1,2025-01-26 11:09:41,lot bug
CUKUP SEKALI SEUMUR HIDUP LANGGANAN DISNEY. FILM LAMA UPDATE. DIBIOSKOP 2 BULAN SELESAI TAYANG TAPI DI DISNEY BELUM ADA. MAHAL DOANG GA BERKUALITAS.,1,2025-01-26 05:58:53,enough lifetime disney subscription old film update cinema month finished airing disney expensive quality
"Untuk sekarang cukup puas, namun ada bug yang cukup membuat kesal, Dan Tolonglah Disney+, berlangganan sekarang mahalnya seperti Netflix, masih aja ada Bug yang merugikan pengguna!",4,2025-01-25 16:30:55,quite satisfied bug enough make annoyance please disney subscribe expensive like netflix still bug harm user
Anjirr w ud batalin berlangganannya tapi kok masih nyedot duit w .. Anjir banget ğŸ˜­,3,2025-01-24 22:31:12,organizing w ud batalin subscripture kok still cost money w
saya sudah langganan beberapa kali dan sebelumnya aman saja tapi semenjak tahun 2025 ini entah kenapa banyak bug errornya yang mulai video tidak bisa di putar melalui hp atau kalau pas di putar di tv suara tersendat sendat entahlah terlanjur langganan bulanan juga,2,2025-01-24 16:05:07,subscribed several time safe since somehow many bug error start video played cellphone right tv sound stalled dont know whether already monthly subscription
Bagus dan keren,4,2025-01-24 08:07:32,good cool
Alay,1,2025-01-24 07:35:35,regiment
cacat,1,2025-01-24 05:18:05,disabled
Bad,1,2025-01-24 04:31:45,bad
Kecewa,1,2025-01-24 04:23:59,disappointed
"Kata nya free kalo mau nntn ini mau nntn Frozen, Moana aja harus berlangganan masa saya cuma harus bisa nntn trailer nya doang itu juga 1 mnt masuk nya juga ribet habis habisin uang cuma buat nntn kartun doang perbaiki dong min mas asaya harus berlangganan buat nntn doang kan habis habisin uang udh nabung sampe 1 JT 200 masa saya harus bayar 700an ribuuu!ğŸ˜­ Perbaiki dong min saya kasih bintang ğŸŒŸğŸŒŸ aja",2,2025-01-24 04:23:47,word free want nntn want frozen subscribe time able able trailer also min love star ğŸŒŸğŸŒŸ
Sulit banget buat login,1,2025-01-24 04:00:58,difficult login
Bagus,5,2025-01-23 16:58:25,good
"Gak bisa daftar , percuma di download, udah masukin nomor hp malah keterangan nya terjadi kesalahan, saya coba berkali2 bahkan sampe pake 3 nomor semua nya gak ada yang bisa login, saya uninstall aja daripada darah tinggi saya naik",1,2025-01-23 14:06:02,cant register useless download entered cellphone number instead information happened tried many time even used number could log uninstall instead high blood pressure
"Ada kemungkinan kita bayar tapi tidak bisa menggunakan aplikasinya. Aku saya tiba-tiba tidak bisa diakses, alasannya karna banyak yang menggunakan akun saya, padahal cuma login di 2 hp. masih dibawah batas maksimal pemakaian akun. Jadinya seperti sampah ini aplikasi.",1,2025-01-23 10:53:43,possibility pay use application suddenly cant accessed reason many use account even though log cellphone still maximum limit account usage like garbage application
Aplikasi Tidak Berguna. Pajang saja di lemari kalau tidak dapat digunakan.,1,2025-01-23 09:48:01,useless application display closet cant used
"Kenapa yah Disney ku kok ada tulisan sepertinya anda menggunakan pvn, proxy atau lainnya. Padahal semuanya gk aktif. Jdi gk bisa buka apk. Mohon gmna cara atasi nya biar bisa d buka lagi.",2,2025-01-23 05:03:39,disney come writing seems like use pvn proxy even though everything active cant open apk please overcome open
"semua sudah bagus, hanya ada sedikit keluhan saat meng-skip video yang terlalu jauh, suaranya terkadang berubah",2,2025-01-22 15:30:52,everything good complaint skipping video far away sound sometimes change
"Vidionya hanya muncul suara doang, layarnya gelap",1,2025-01-22 10:44:28,video appears sound screen dark
"Aplikasi g jelas, udah langganan tapi g bisa login, kode otp nya error terus",1,2025-01-22 05:26:52,g app clear subscription login otp code error
Aplikasinya instal ulang terus,1,2025-01-21 17:21:01,application reinstalling
"Aplikasi bangke, beli paket indihome bundle disney hotstar, sudah lancar bayarnya tapi giliran dibuka aplikasi malah suruh berlangganan. Sudah di laporkan ke pihak indihome tapi dari pihak disneynya sepertinya masa bodo tidak mau memperbaiki masalahnya",1,2025-01-21 12:15:19,bangke application buy indihome bundle disney hotstar package payment smooth turn open application even told subscribe reported indihome disney seems like bodo period want fix problem
apa bae dah nih aplikasi ga niat bener,1,2025-01-21 11:31:20,application intention right
Ini kenapa ada suara tapi nggak ada gambarnya Kecewa banget Mending pake netflix,1,2025-01-21 08:43:55,sound picture disappointed use netflix
jelek,1,2025-01-21 01:10:07,sign
Error terus..Tidak bisa login..,1,2025-01-20 13:06:57,error continues cant log
"kenapa ga bisa login sih, otp error mulu dah bayar langganan juga",1,2025-01-20 06:22:03,cant log otp error must pay subscription
"Gak bisa masuk OTP error terus pdhal udah berlangganan terakhir hari Sabtu masih bisa nonton, dr hari Minggu sampai sekarang error terus . .",1,2025-01-20 05:06:40,cant enter otp error pdhal subscribed last saturday still still watch sunday error continues
Kok udah berhenti langganan masih otomatis bayar gimana ya,1,2025-01-19 18:56:05,come subscription stopped still pay automatically
"Nonton blooo,on berlangganan, taiiğŸ‘ğŸ‘ğŸ‘ğŸ‘ğŸ‘ğŸ‘ğŸ‘ğŸ‘ğŸ’µğŸ’µğŸ’µğŸ’µğŸ’µğŸ˜ğŸ’µğŸ’µ",1,2025-01-19 13:46:42,watch blooo subscription taiiğŸ‘ğŸ‘ğŸ‘ğŸ‘ğŸ‘ğŸ‘ğŸ‘ğŸ‘ğŸ’µğŸ’µğŸ’µğŸ’µğŸ’µğŸ˜ğŸ’µğŸ’µ
Udah gw keluarin dari tv biar bisa nonton di hp tetep aja gak bisa lebih dari satu katanya yang nonton tod. Gimana ini gw mau nonton jadi gk mood dah nyesel gw mending netflix,1,2025-01-19 11:48:31,already came tv could watch cellphone couldnt one said watching tod want watch mood regret better netflix
Bagus sih TPI knp harus premium,1,2025-01-19 11:43:21,good premium
Aneh,1,2025-01-19 11:27:04,strange
"Aplikasinya jelek, mau login susahnya minta ampun, ğŸ˜‘",1,2025-01-19 10:18:43,application bad want log hard ask forgiveness ğŸ˜‘
"Langganan indihome paket jitu 1 (plus disney hot star gratis) tapi sejak bulan januari 2025 disney hot starnya gak bisa di mainkan, di minta untuk berlangganan lagi, pafahal sudah bayar include paket indihome",1,2025-01-19 07:35:25,indihome subscription package plus free disney hot star since january disney hot star played asked subscribe even though paid indihome package including indihome package
Mendukung isruul,1,2025-01-19 06:25:14,support isruul
Boycott!,1,2025-01-19 05:56:24,boycott
"Malamnya byr langganan,paginya ga bisa di tonton..tlong trf kembali uang sya ?? Aplikasi PENIPU!!!!!!!",1,2025-01-19 02:15:33,evening byr subscription morning cant watched tlong trf return money fraud application
Jelek bgt. Rugi nyoba langganan disini.,1,2025-01-18 18:02:39,really ugly loss try subscription
Cepet donglot ya,5,2025-01-18 17:20:16,cepet donglot ya
Black out,1,2025-01-18 16:38:30,black
saya belum coba aplikasi nya tapi saya yakin aplikasi ini bisa menjadi yang terbaik,4,2025-01-18 14:52:40,havent tried application im sure application best
"Cuih, bayar doang apk ga di urus, bug udah 2 hari blum di fix, masa suruh denger audio doang kontol, percuma bayar",1,2025-01-18 14:20:04,cuih pay apk take care bug already day hasnt fix time told hear audio dick useless pay
lumayan boy,4,2025-01-18 09:18:11,pretty boy
"tampilannya hd, cuma pas rewatch beberapa film ada scene yg ke potong, jadi males lanjut nonton karna ga nyambung, 65rb rugi sih mending netflix",3,2025-01-18 07:16:59,look hd film scene go piece lazy continue watching doesnt connect rb loses better netflix
ğŸ˜¡ğŸ˜¡ğŸ˜¡ğŸ˜¡ğŸ˜¡ğŸ˜¡ğŸ˜¡ğŸ˜¡ğŸ˜¡ğŸ˜¡ğŸ˜¡ğŸ˜¡ğŸ˜¡,1,2025-01-17 23:18:23,
india semua jir,1,2025-01-17 06:52:42,india jirs
Gawwwd deyemm,1,2025-01-17 04:37:48,gawwwd deyemm
BOYCOTT ğŸ‘ŠğŸ˜’,1,2025-01-16 16:52:17,boycott ğŸ‘ŠğŸ˜’
Di perangkat tablet Huawei tidak bisa di download karena tidak tersedia di negara andda. Padahal di HP & device lain tersedia.,1,2025-01-16 16:52:04,huawei tablet device downloaded available andda even though hp device available
Apk tidak bisa di buka,1,2025-01-16 12:21:36,apk cant opened
tidak bisa berlangganan payah ini aplikasi,1,2025-01-16 11:30:38,cant subscribe application
Ini kenapa Disney+ gua gabisa dibuka ya? Tulisannya karena vpn/proxy padahal ngerasa gapernah pake vpn... pls banget inimah:))),1,2025-01-16 04:13:45,disney open writing vpnproxy even though feel like using vpn really
nyari harry Potter aja gak muncul gak di temukan apaaan NAJIS Udah berlangganan padahal Acuih,1,2025-01-15 21:57:24,looking harry potter appeared found unclean already subscribed even though acuih
"setelah melihat penilaian orang-orang, saya tidak jadi berlangganan aplikasi iniğŸ¤£",1,2025-01-15 20:27:44,seeing people judgment subscribe applicationğŸ¤£
Pas nonton sering nge leg padahal udah vip,1,2025-01-15 20:19:18,pa watch often nge leg vip
"Aplikasi sampah, sudah langganan gak bisa di buka",1,2025-01-15 13:45:52,garbage application already subscribed unable open
No komen,1,2025-01-15 10:38:14,komen
Gua sih gak papa yang penting bisa nonton film,5,2025-01-15 10:03:25,im okay important thing watch movie
Udah masukin kode otp yg benar tapi tetap tidak bisa log in,1,2025-01-15 03:11:15,already entered correct otp code still cant log
"knp ya pdhln udh bner nmor tlvn nya kok gada masuk kode Verifikasi otp nya, udh coba hps apk nya trs donwload lgi percuma!!",1,2025-01-15 02:34:48,even though tlvn included otp verification code tried hp apk download useless
Best,1,2025-01-15 01:14:39,best
"Padahal film nya bagus"" tpi sayang bngt dikit"" loading terusssssssss",2,2025-01-14 14:32:20,even though film good unfortunately little loading pussssssssss
Lumayan kalau lagi senggang buat nonton film,5,2025-01-14 14:17:57,bad youre free watching movie
"Ini aplikasi apaan sih ada suaranya gaada gambarnya, berkali kali hapus aplikasi terus di instal ulang tetep gambar ga muncul, udah ganti jaringan wifi ke data tetep eror, kapok lah baru pertama kali langganan disney gamau langganan lagi mending pakai aplikasi sebelah gapernah eror trs login lebih simple ga pake otp"" segala",1,2025-01-14 13:07:42,application sound voice picture repeatedly deleted application reinstalled image doesnt appear changed wifi network data first time disney subscription like subscription better use application next
Apk g guna. Udh daftar udah masukin kode gk bisa juga,1,2025-01-14 12:09:35,apk g use udh list entered gk code well
"Berlangganan melalui paket Indihome. Tiba2 dinyatakan stop berlangganan. Padahal bayaran masih pakai harga paket Disney. Lapor Sabtu, Senin di follow up dari Indihome. Masih tidak bisa nonton Disney.",1,2025-01-14 11:27:42,subscribe indihome package suddenly declared subscription stop even though payment still us price disney package report saturday monday follow indihome still cant watch disney
So many bug. Black screen with subs and sound. ğŸ˜’,2,2025-01-14 10:35:29,many bug black screen sub sound ğŸ˜’
NAJIS JIYONIS,1,2025-01-14 07:18:14,jiyoniss stool
"Ikutan ah bintang 1 mau langgana rating jelek gak jadi,",1,2025-01-14 05:01:50,ikutan ah star want jerked jerk
"Mantap, bisa nonton Marvel series",5,2025-01-13 23:04:22,great watch marvel series
"kenapa tdk ada gambarnya terus setiap di setel, sudah uninstal trus instal lagi tetep kaya gitu , layar gelap suara film ada",2,2025-01-13 16:09:15,picture every time set uninstalled install still like dark screen sound film
"PADAHAL BELUM PAS WAKTUNYA, MAIN POTONG SALDO AJA",1,2025-01-13 15:16:03,even though right time play balance
Mahalll,1,2025-01-13 09:04:39,mahallel
"Bagus. Dub Indonesia nya juga mantap. Gak rugi langganan di sini. Tapi coba tolong brightness nya lebih diterangi, gelap banget soalnya. Lampu hp udah mentok tetap gelap.",5,2025-01-13 07:08:17,good dub indonesia also great loss subscription try help brightness illuminated really dark hp light stuck still dark
Lemotttt,1,2025-01-13 04:39:47,lemotttt
"sayang bngt udah di paketn malah gk bisa masuk apes"" melayang",1,2025-01-12 22:28:02,shame already package cant even go floating
Sudah berhari-hari kalau mau nonton filmnya gak ada gambar tapi ada suara. Ada apakah dgn Disney+Hotstar? Tolong segera diatasi.,1,2025-01-12 11:35:52,day want watch movie picture sound whats disneyhotstar please overcome immediately
login saja susah,1,2025-01-12 03:09:27,login difficult
Aku pengen nonton tapi harus banget langganan aku cuma mau nonton harus banget ya bayar udah gitu mahal lagi 65RB aku gak mau langganan cuma mau nonton,1,2025-01-12 02:29:25,want watch really subscribed want watch must really paid already expensive thousand dont want subscribed want watch
gabisa login,1,2025-01-12 00:30:47,cant log
"Bagusss,klo ad mslh tinggal email ke kakak disneynya kakanny ramah dan sllu mengusahakan kendala yg dihadapi teratasi",5,2025-01-11 06:57:18,good email disney brother friendly make obstacle faced resolved
bikin nostalgia,5,2025-01-11 02:34:31,make nostalgia
WOKEE,1,2025-01-10 16:00:47,wokee
Mau login saja susah amat,1,2025-01-10 13:04:20,want login difficult
Kenapa gbisa di buka?,1,2025-01-10 11:01:37,open
Tolong lah bulanan nya mahal,1,2025-01-10 07:35:37,please help monthly
Bagus banget tapi sayangnya beberapa bulan kemudian harus bayar...,4,2025-01-10 01:35:02,good unfortunately month later pay
Ga kayak dulu,1,2025-01-09 15:36:51,like
"Pas udah langganan baru liat satu film udah gak bisa dibuka aplikasinya, tolong banget disney ini mah harus dibenerin padahal filmnya bagus2 dan kualitas gambarnya juga keren padahal. Nanti kalo udah bisa lagii aku tambah bintang, oke makasihâ˜ºï¸",5,2025-01-09 14:58:06,subscribed see film application cant opened please really disney must generated even though film good picture quality also cool even though later add star okay thanksrated
"Kenapa baru langganan langsung gak bisa, error , tolong dong",5,2025-01-09 10:42:37,direct subscription error please please
"Tolong ya demi kebaikan, ada yang harus di perbaiki yaitu kode error terus jadi kesusahan semua udah di lakuin terus lebih gampang login di website ketimbang aplikasi nya jujur kangen disney+ awal awal kemunculan nya ga bermasalah dan harga nya terjangkau",5,2025-01-09 07:50:51,please yes good something must improved namely error code continues difficult everything done continues log website application honestly miss disney beginning appearance problematic price affordable
"Dulu makan banget data tapi resolusi sama pilihan film nya banyak,,sekarang semua harus berlangganan jadi uninstal dehğŸ˜­",2,2025-01-09 06:40:09,used eat data resolution lot film choice must subscribe uninstalled
"uday download tpi blm cobaa, gtw sama ga kaya Netflix",5,2025-01-09 05:17:12,uday download try come like netflix
"loading terus suka log out sendiri, ujung2 nya error, yg disalahin jaringan padahal jaringan bagus",1,2025-01-08 14:02:03,loading continues like log edge error missed network even though network good
Aplikasi nya bagus banget di mana saya fans Disney lagi Btw semangat hadapin orang yang ngaku ngaku apk nya ngelag TPI mereka gak lihat kondisi hp kentang mereka dluan,5,2025-01-08 11:47:50,application really good disney fan btw face people claim admit apk lagging dont see condition potato cellphone
Beli langganan yang satu tahun uang sudah di ambil tapi masih aj suruh berlanganan lagi ga bisa di akses selalu error gimana ini kirim email ga di bales-bales saya merasa di rugikan.....,5,2025-01-08 08:49:22,buy subscription one year money taken still told go anymore cant accessed always error send email bale
Apk,1,2025-01-07 20:54:02,apk
"Kode verifikasinya udah benar, tapi error terus",1,2025-01-07 11:51:11,verification code correct error continues
"Tolol, ngebug terus",1,2025-01-07 11:01:06,tolol strip straight
"Subtitle terlalu kecil, bikin sakit mata kalo nonton di hp",2,2025-01-07 04:09:57,subtitle small making eye pain watching cellphone
Cara stop berlangganan gimana ya,3,2025-01-07 01:56:47,stop subscription
"tolong saya ingin refund, setelah berlangganan tidak bisa nonton alias muter2 terus ( loading ) padahal jaringan bagus",1,2025-01-07 00:55:33,please want refund subscribing cant watch aka around loading even though network good
Kecewa masa prabayar skrg jd gbsa nonton Indonesia idol,1,2025-01-06 15:47:59,disappointed prepaid watched indonesia idol
Aplikasi nya tidk bisa di daftarr,1,2025-01-06 12:09:51,application list
Sangat mengecewakan apk ini.,1,2025-01-06 11:59:01,disappointing apk
Bagimana mau nonton semua harus bayar pas udah bayar eh malah eorror BALIKI UANG KU TOLOL DAYLAH CAPEK,1,2025-01-06 10:36:11,want watch everyone pay already pay eh even eorror backed money stupid tired
"HATI2 BUAT YANG NIAT BERLANGGANAN DISNEY, KARNA SANGAT SULIT KEMBALI DISAAT INGIN PEMBERHENTIAN BERLANGGANAN , SAYA SUDAH MELAKUKAN TAHAP PEMBERHENTIAN BERLANGGANAN DISNEY PLUS HINGGA SAYA YAKINI 2X DAN SUDAH SAYA HAPUS APLIKASI DISNEYPUN, NAMUN TETAP TAGIHAN SENILAI RP. 799.000. MASUK KE KARTU KREDIT SAYA, SAYA MERASA SANGAT DIRUGIKAN DAN KECEWA. BURUKNYA APLIKASI INI TDK MENYENDIAKAN LIVE CHAT COSTUMER UTK FAST RESPON ğŸ˜¡ğŸ‘ğŸ‘ğŸ‘ğŸ‘",1,2025-01-06 01:59:27,careful intention subscribing disney difficult return want dismiss subscription done disney plus subscription stopping stage believe x deleted disney application still bill worth rp entering credit card felt disadvantaged disappointed poor application serve live chat customer fast response ğŸ˜¡ğŸ‘ğŸ‘ğŸ‘ğŸ‘
Jelek banget mending Netflix,1,2025-01-05 14:07:15,really bad netflix
Aplikasi lemottt,1,2025-01-05 12:34:55,lemottt application
susah banget buat login,1,2025-01-05 12:32:54,really hard login
"tidak lebih baik dari Netflix, tidak bisa nonton di tv, juga download nya 2 hari hilang tak bisa diputar ofline",3,2025-01-05 09:45:21,better netflix cant watch tv also downloads day missing played offline
"Aplikasi error gk jelas, gk bisa di pake mohon di perbaiki tidak support ke s24 ultra ya?",1,2025-01-05 07:30:46,error application clear used please fix support ultra huh
more expensive.,1,2025-01-05 07:13:45,expensive
"baru pertama download harus berlangganan setiap film yang mau di putar,,dimana sih yang gk ada berlangganan nya biar kita bisa nonton.. udah langganan 65.000 katanya belum bisa muter filmnya...aneh nhi aplikasi Disney...",1,2025-01-05 03:51:31,first time download must subscribed every film want play hell subscription watch already subscribed said could turn around film strange nhi disney application
"Gimana nih min, malam ini saya berlangganan. Login bs, tp pas mau di setel filmnya kenapa kembali kehalaman depan dan diarahkan berlangganan. Tlg diperbaikilah",1,2025-01-04 13:33:13,min tonight subscribe login b want set film go back front yard directed subscribe tlg fixed
"pas lagi nonton sering ngelagÂ² sendiri padahal jaringan lagi bagus, percuma harga mirip-mirip platform sebelah tapi kualitasny begini",1,2025-01-04 12:20:55,watching often slag alone even though network good useless price similar platform next door quality like
apk nya apaan dh gniat?,1,2025-01-04 11:38:30,showcase generous girl
Apa sihhh masa harus bayar dan juga daftar ny ga bisaÂ² padahal udah peke email atau nomer udah berulangÂ² kali aku daftar tetep aja ga bisa gimana si tolol,1,2025-01-04 02:19:40,time pay also list ny cant even though already worked email number already repeatedly registered cant cant stupid
Sungguh bagus dan oke gan,5,2025-01-03 18:29:51,really good okay bro
"Kdrama the light in your eyes tiba tiba gak ada, padahal tadi siang baru ditonton, aneh, uda bayar",1,2025-01-03 13:56:21,kdrama light eye suddenly even though afternoon watched weird already paid
Ew,1,2025-01-03 13:08:05,ew
LGBT mulu,1,2025-01-03 10:57:10,lgbt mulu
"mau login aja susah banget, eror mulu. tolong dibenerin aplikasinya.",1,2025-01-03 07:38:23,want log really hard error please correct application please
Sangat menarik sekali,5,2025-01-03 06:27:17,interesting
Banyak film banyak bobaa,1,2025-01-03 03:15:59,many movie
please fixed,1,2025-01-03 02:43:10,please fixed
Muahalllnya gak ketulungan,1,2025-01-02 23:18:11,muahalll ketulungan
Film nya ga lengkap,1,2025-01-02 15:45:33,film incomplete
"apk nya jelek jadi nyesel beli nya, padahal jaringan lancar tapi pas nonton lag terus",1,2025-01-02 13:02:12,apk bad buy network smooth watch
JelekğŸ¤®,1,2025-01-02 10:19:10,sign
Saya sudah download dan juga sudah bayar tapi belum bisa nonton apapun. Tolong segera diperbaiki,1,2025-01-01 21:05:48,downloaded also paid cant watch anything please fix immediately
"Aplikasinya bagus, harganya hampir sama kayak Netflix. Filmnya bagus-bagus, sekeluarga puas nonton am aplikasi Disney+. Trimakasih Disney.",5,2025-01-01 15:01:27,application good price almost netflix film good family satisfied watching disneyapplication thank disney
Jelek,1,2025-01-01 10:57:18,sign
respon penanganan masalahnya cepat sudah tidak black screen lagi bagus bagus lanjutkan,5,2025-01-01 10:54:05,response handling problem fast black screen anymore good good continue
"Saya sudah kasih bintang 5, jadi Tolong dubbing film Deadpool & Wolverine kebahasa Indonesian plissğŸ™........... karna aku suka film ituğŸ™‚â€â†•ï¸",5,2025-01-01 09:09:34,given star please dubbing film deadpool wolverine indonesian pliss language
Kenapa susah sekali loginnya. Padahal sudah dapat kode otp tapi tidak bisa masuk.,1,2025-01-01 07:44:30,hard login even though got otp code could enter
Tolong perbaiki akses film MARVEL tidak muncul film nya,1,2025-01-01 04:29:16,improve movie access film film doesnt appear
Berhenti berlangganan karena semua konten barunya harus ada WOKE agenda nya,1,2025-01-01 02:43:51,stop subscribing new content must woke agenda
Vidionya tidak bisa diputar..,1,2025-01-01 02:21:01,video cant played
Saya mau login error tulisannya ERR_UM-092. Sudah coba kirim email komplain namun tidak ada balasan.,1,2025-01-01 01:56:19,want log error writing errum ive tried sending complaint email reply
Good Jobs...ğŸ‘ğŸ‘Œ,5,2024-12-31 19:03:21,good jobsğŸ‘ğŸ‘Œ
Sudah langganan. Tapi saat digunakan di AndroidTV tidak bisa...,1,2024-12-31 12:43:53,already subscribed used androidtv cant
Tolong tambahin fitur login pake email dong,3,2024-12-31 08:36:36,please add login feature using email dong
"Kenapa tiba tiba saat putar videonya malah blank warna hitam, padahal baru seminggu berlangganan dan baru pertama kali berlangganan langsung seperti ini saya sangat sangat kecewa",1,2024-12-31 08:31:15,suddenly playing video instead black blank even though week subscribed first time subscribe directly like disappointed
Saya bayar bulanan tapi sudah 2 minggu ga bisa d pake selalu koneksi koneksi saya buka aplikasi lainnya bagus2 aja tuh rugi langganan ampun deh sering banget begini,1,2024-12-31 07:58:22,pay monthly week cant use always use connection open application good loss
Sebenarnya dulu bersaing banget paketnya awal awal murah banget 10rb-20rb.. Sekarang malah mehong banget kayak harga streaming sebelah 65rb.. Malah Streaming sebelah suka ada promo.. Ini kadang malesin OTP suka lama.. Lama2 goodbye dengan adanya streaming plus layanan live olahraga..,1,2024-12-31 06:44:08,actually package competing beginning beginning beginning cheap thousand thousand really mehong like price streaming next rb fact streaming next door like promos sometimes lazy otp like long time long goodbye streaming plus sport live service
"Pustaka filmnya kebanyakan film'2 lawas, sepertinya tertinggal dari bbrp apk streaming lain. Mohon perbaharui perpustakaan kalian...",2,2024-12-31 03:38:34,film library mostly old film seems left behind streaming apk please update library
Knp setiap saya longin ad ajğŸ—¿,1,2024-12-31 03:12:25,every time go long
"Layarnya kok Hitam ? Udah di uninstall tetap aja masih hitam, diperbaiki ddong disney, udah berlangganan juga",1,2024-12-31 02:34:50,come screen black already uninstall still still black repaired ddong disney already subscribed
"Beda sama netflik,kalo netflik masuknya gampang,,di Disnep susah,mn filmnya juga kurang bgus",2,2024-12-30 22:48:47,different netflik netflik entry easy disnep difficult film also bad
Dah mahal di hp saya gak bs log in aplikasinya.lewat web bisa.lapor cs pun masalahnya gak selesai.sungguh app tidak berguna,1,2024-12-30 22:00:57,already expensive cellphone log application
Jelek banget sumpah mana bayar yg ga bayar cuma 13 dtik doang,1,2024-12-30 15:17:48,really ugly oath paying paying dtik
wkwk jadi bintang 1,2,2024-12-30 10:08:22,wkwk become star
Kenapa paket bulanan 650000 transaksi erro orreh 04,3,2024-12-30 09:43:25,monthly package transaction erro orreh
Hari ini adalah daftar putar remix hari ini adalah daftar dia akan diam diam diam diam diam diam diam dan menunggu proses difusi b b aja deh ya kak untuk nomornya dan untuk tagihan kartuHalo silakan infokan no HP ready ya tks DK badi g ada di dalam atau kayu dan untuk jadi yang lebih besar daripada kemampuanmu baik dari hari tu lembut kan aku tak suka orang lain tak suka dia kan ya jfb tanpa mention ke miminmiming y gk mau mensupport t mulai dari harga murah di abad ke dalam kayu yang lebih baik,5,2024-12-30 08:03:29,today remix play list today list secretly secretly secretly silently wait diffusion process b b si number kartuhalo bill please inform mobile number ready dont want support cheap price starting cheap price century better wood
tidak cocok untuk anak kecil yang mau nonton harus berlangganan semua,3,2024-12-30 03:38:53,suitable small child want watch must subscribe
Tolong lah ini ga nyaman banget nonton loading ga jelas. Kalo bukan karena Marvel juga ogah,1,2024-12-30 02:37:07,please isnt comfortable watching loading unclear marvel reluctant
ğ™¸ğš—ğš’ ğšŠğš™ğš•ğš’ğš”ğšŠğšœğš’ ğšŠğš™ğšŠ ğš”ğšŠğš¢ğšŠğš” ğš”ğš˜ğš—ğšğš˜ğš•,1,2024-12-30 01:56:07,ğ™¸ğš—ğš’ ğšŠğš™ğš•ğš’ğš”ğšŠğšœğš’ ğšŠğš™ğšŠ ğš”ğšŠğš¢ğšŠğš” ğš”ğš˜ğš—ğšğš˜ğš•
Terlalu lama kirim kode,1,2024-12-29 21:40:37,long send code
"apk yang aneh, pertama kali saya berlangganan apk ini ga ada masalah, namun setelah berlangganan yang ke 2 kalinya baru timbullah beberapa masalah seperti Layar Hitam - Video Jalan namun tetap layar hitam, sungguh merugikan costumers ayolah kita bukan orang yang super duper kaya untuk donasi 65rb untuk perusahaanmu bung, kita butuh hiburan dan tolong cepat perbaiki masalah ini,jika kalian tidak bisa me-refund biaya yang kami keluarkan",1,2024-12-29 10:43:48,strange apk first time subscribed apk problem subscribing second time problem black screen road video still black screen really detrimental let super duper person
"Sering eror, tiba-tiba putus padahal koneksi bagus, Tiba-tiba hilang karena dinyatakan kebanyakan perangkat. Bosok",1,2024-12-29 05:26:32,often error suddenly broke even though good connection suddenly disappeared device declared bosok
jelek anjg susah bgt cokkk mau login anjgg anjg apk tolol,1,2024-12-29 04:21:47,ugly really hard
"Kenapa pas di masukin no yg SDH di daftarkan ke premium TDK bisa ,,, Tolong Di perbaiki,, Kalau tidak kembalikan uang yg sudah kami bayar",1,2024-12-28 18:51:26,right number already registered premium cant please fix doesnt return money paid
Harganya jadi mahal,2,2024-12-28 16:34:27,price expensive
"Gk jelas gk bisa login, masukan otp bermasalah di cri bantuan malah error gk bisa hubungi",1,2024-12-28 12:16:03,cant clearly able log enter problematic otp cri aid even error contacted
"bagus sih, tapi begimana inii tulisannya bayar langganan besok (29 Desember) tapi kenapa tadi otomatis kebayar? tolong bisa direfund atau tidak?",3,2024-12-28 08:57:04,good say writing paying tomorrow december automatically paid refund
Pantesan udah ga dipake telkomsel lagi haha..,2,2024-12-28 07:12:07,wonder used telkomsel anymore haha â€‹â€‹
bagus,4,2024-12-28 04:50:05,good
Apk tolol,1,2024-12-28 04:32:29,stupid apk
"Udah beli paket yang premium sebulan, malah waktu nonton layarnya hitam semua",1,2024-12-27 23:20:20,ive bought premium package month instead watching screen black
Nice On My Samsung Galaxy M14 5G ğŸ‡²ğŸ‡¨,5,2024-12-27 22:31:23,nice samsung galaxy g ğŸ‡²ğŸ‡¨
uninstall aja,1,2024-12-27 18:29:57,uninstall aja
"Saya baru saja berlangganan paket basic, tapi kenapa saat masuk status akun saya tentap pengguna gratis... Sudah saya ulang keluar masuk,bahkan. Update tetap saja tidak bisa digunakan.. Sangat mengecewakan...",1,2024-12-27 16:26:48,subscribed basic package entered account status tading free user repeated even update still cant used disappointing
Jeleg,1,2024-12-27 14:46:47,deer
Pendukung elgibiti,1,2024-12-27 14:43:59,elgibiti supporter
kok ga ada film the return of jafar?,3,2024-12-27 13:01:17,kok ga ada film return jafar
Baru download..sdh punya akun sblmnya ...pas mau Login susah amat...klik bantuan malah server error,1,2024-12-27 13:00:57,downloadedsdh account want login difficult click help instead server error
Sering eror. Mau masuk aja eror terus,1,2024-12-27 04:55:21,often error want enter error time
Gabut aja ikut ikut rating satuğŸ˜¹ğŸ˜¹,1,2024-12-27 00:10:10,gut joined rating oneğŸ˜¹ğŸ˜¹
Film nya bagus bagus,5,2024-12-26 13:16:55,movie good
Sampah banyak bug SU.,1,2024-12-26 12:55:36,garbage many bug su
"Susah diputar, kualitas video jelek, yang paling utama apk nya motong dana otomatis,, kualitas buruk , filmnya tidak ada yang jelas",1,2024-12-26 12:09:50,hard play quality video bad importantly apk cut automatic fund poor quality film clear
SAMPAH!!!! KUALITAS MAKIN MEMBURUK,1,2024-12-26 08:31:41,rubbish quality getting worse
Burikkk,1,2024-12-26 07:24:25,burikkk
Kenapa ga bisa login pake nomor njirr,1,2024-12-26 06:27:37,cant log using njirr number
Sangat sangat bagus,5,2024-12-26 05:04:05,good
Bagus,5,2024-12-26 04:42:24,good
Setiap mau nonton layar nya hitam semua,2,2024-12-26 03:13:17,every time want watch screen black
Nyeri flim masa gk ada atau gmn kh padahal tulisan ny dh betul,1,2024-12-26 03:07:50,flim pain exist even though writing correct
"Saya gak tau ini karena hp saya atau bukan tapi pertama kali saya langganan itu gak ada eror sama sekali. Saya baru langganan lagi lalu baru 3 hari erornya banyak banget -Layar hitam doang pas mau nonton -Subtitlenya delay -Layar hitam, suaranya jalan namun hp saya sampe gak bisa sentuh apapun Rugi banget nih langganan Disney. Tau gitu langganan Aplikasi merah, eror jarang banget gak kaya nih aplikasi 1 yang hampir buat hp saya rusak total.",1,2024-12-26 03:06:18,dont know cellphone first time subscribed error subscribed day error much black screen want watch subtitle black delay sound walking cellphone cant touch anything loss disney subscription know red application subscription error rarely really like application almost cellphone totally damaged
menurut saya disney+ hotstar susah cari genre film,4,2024-12-26 01:32:58,think disney hotstar hard find film genre
"Gak bisa nonton padahal udah berlangganan,",1,2024-12-25 22:56:15,cant watch even though subscribed
"Tolong yaa perbaikannya untuk payment via Telkom, pdhl pulsanya lebih dari nominal tercantum tpi "" tidak mencukupi "" gatau juga dh gmna ituuu",4,2024-12-25 14:45:41,please improve improvement payment via telkom pulse nominal listed tpi sufficient gatau
"filmnya makin ketinggalan sama dibanding netflix.. ga ada yg seru, kacau..",1,2024-12-25 07:25:03,film getting compared netflix nothing exciting chaotic
"Saya pernah berlangganan, kualitas video tidak pernah bagus",1,2024-12-25 05:00:38,subscribed quality video never good
Aku gak bisa nonton ni premium?ğŸ˜’ğŸ™ğŸ»,1,2024-12-25 02:24:14,cant watch premium ğŸ˜’ğŸ™ğŸ»
susah dibuka. kelamaan loding. boros memori. kadang ga da gambarnya hrs restart hp dulu,3,2024-12-24 14:07:00,hard open time loding wasteful memory sometimes picture must restart cellphone first
Nyesel pake aplikasi ini banyak eror mulu sdh tmbah mahal sering eror2 mlu,1,2024-12-24 12:58:02,regardless app many eror mulu sdh tmbah expensive often eror mlu
"aplikasi gajelas, di web sm tv bisa login. di aplikasinya malah error gagal terus loginnya",1,2024-12-24 11:23:52,gajlelasian application sm tv web log application error failed continue login
sok sokan buat aplikasi.,1,2024-12-24 09:32:12,see application application
Aneh banget ga bisa daftar ga bisa log in,1,2024-12-24 07:54:00,really weird cant register cant log
"aplikasi bobrok udah berlangganan mahal mahal, malah gabisa nonton karena layarnya hitam",1,2024-12-24 06:31:10,bobrok application already expensive cant watched screen black
"Kesalahan Koneksi twrus min..padahal ga ada vpn atau proxy.. Solusinya gimana ini ,udah di re instal tetep ga bisa nonton juga.jadi rugi bayar mahal mahal.",1,2024-12-24 06:22:51,twrus connection error min even though vpn proxy solution already installed still cant watch expensive pay expensive
"Hostar sekarang sungguh mengecewakan. Hasil unduhan bisa tiba2 hilang, buffering lama padahal kuota normal dan aplikasi sering error. Mohon dibenahi. Sayang banget padahal filmnya bagus bagus.",2,2024-12-24 05:35:41,hostar really disappointing download result suddenly disappear long buffering even though quota normal application often error please add shame even though film good
Aplikasi ny gc bgus gc bisa nautkan no hp gc jls,1,2024-12-24 03:09:51,ny gc bgus gc application naire hp gc jls
apk gk guna,1,2024-12-23 21:06:38,apk gk guna
Waduh rek rek kudu anggo kartu telkomsel to maaf salah,1,2024-12-23 15:42:15,wow rek rek kudu anggo telkomsel card sorry wrong
Sangad buruk pelayanan cs nya ribet,1,2024-12-23 12:33:06,bad c service complicated
"Ini kenapa jadi ga bisa nonton ? Perasaan saya ga pake vpn, bahkan di tv ga pernah buka2 vpn ga bisa juga Sayang duitnya 65rb nih baru juga bayar udah ga bisa di buka",1,2024-12-23 11:36:11,cant watch feel dont use vpn even tv never open vpn cant also shame money rb paying cant opened
"woy saya ga minta buat bayar ini, saya isi saldo buat beli baranh penting buka bayar ini malah kebayar sendiri aplikasi gimana sih kembalikan uang saya",1,2024-12-23 05:48:56,wow dont ask pay fill balance buy important baranh open pay instead paid application return money
"Udh ambil paket nonton di Telkomsel, eh pas nonton ga muncul2 gambarnya malah muter-muter terus. Padahal sinyal lancar dan paket data masih byk, gila gimana nih aku nonton kalo ga jalan videonya masih muter-muter terus loading.",1,2024-12-23 04:43:21,took watch package telkomsel eh watching picture didnt appear instead continued go around even though signal smooth data package still many crazy watch dont walk video still go around keep loading
Bad version,1,2024-12-22 18:42:07,bad version
Gak bisa login acan,1,2024-12-22 16:02:04,cant login acan
Tolong perbaiki lgi Mohon maaf ini hasil unduhan kok ndak bsa di tonton scara offline gmna konsepnya y,1,2024-12-22 15:54:19,please fix im sorry come result watched offline come concept
Aneh banget ga bisa login di tablet. Udah coba berkali pun tetep ga bisa.,1,2024-12-22 15:16:53,really strange able log tablet already trying many time still cant
"Aplikasi gamau rugi, mahal banget bayarnya, gak ngotak",1,2024-12-22 12:14:24,appetite app cost expensive pay mention
Ga rekomen bgt login nya ribet bgt. Ngeribetin udh Gunta ganti nomor ttp aja gabisa masuk.. Aplikasi ribet pollll,1,2024-12-22 08:21:29,recommended login complicated ngebetin already gunta change number ttp cant enter complicated pollll application
Lemot,1,2024-12-22 06:07:58,slow
"Gabisa beli perhari / perminggu, bintang 1",1,2024-12-22 04:47:33,cant buy day week star
"Please fix the connection issued and streaming always buffering and black screen, while i was use my phone for streaming is bad, while i was use my smart tv actually work well, i hope your application work well on phone too",1,2024-12-22 04:17:14,please fix connection issued streaming always buffering black screen use phone streaming bad use smart tv actually work well hope application work well phone
"ini kenapa saya lagi nonton film yang saya download tiba-tiba translate sama percakapan di filmnya masih ada tapi gak ada gambar cuman hitam doang, aneh banget padahal saya premium tapi bikin kecewa, pdhl lagi seru serunya nonton malah kek gitu",1,2024-12-22 03:03:19,watching movie downloaded suddenly translate conversation film still exists picture black really strange even though premium make disappointed pdhl exclaimed watch instead like
Aplikasi jelek katanya,1,2024-12-22 01:27:03,bad application said
Tayangan nya menjijikkan,1,2024-12-21 13:48:07,show disgusting
RCIT,2,2024-12-21 12:01:57,rcit
"Ya kali, masa layarnya hitam doang. kita disuruh dengerin suara aja gtu? Udah coba ini itu, tetap aja hitam layarnya. Suaranya doang yg muncul ğŸ¤§",1,2024-12-21 10:50:47,yes screen black told listen sound like already try still black screen voice emerged ğŸ¤§
KODE OTP NYA SALAH MULU KOCAGGHGGHG,1,2024-12-21 09:52:22,holly letiting
"Mau langganan aplikasi ini, tapi pas mau masuk ke aplikasi kok tulisannya error, udah masukin kode OTP yang di kasih dari pesan tapi tetap aja tidak bisa, tulisannya error terus, padahal mau nonton MCU ;(",1,2024-12-21 09:24:04,want subscribe application want enter application writing error entered otp code given message still cant writing kept even though want watch mcu
"Langganan gk teebaca di google tau2 kepotong, terus akun gk sengaja keluar mau masuk lg gk bisa karena otp gk dikirim2 berkali-kali coba otp gk dpt",1,2024-12-21 08:35:29,gk subscription read google cut piece account doesnt deliberately come able otp sent many time trying otp
apj stream tergajelas loginnya aneh,1,2024-12-21 06:36:15,apj streaming clear login strange
Kode otp udah masuk pas dimasukin gk bisa apalah,1,2024-12-21 05:55:04,otp code entered pa entered gk
